intervention,memory
control,15
control,17
control,15
control,20
control,21
control,11
control,17
control,18
control,23
control,17
control,21
control,11
control,21
control,19
control,15
control,23
reading,22
reading,17
reading,19
reading,22
reading,20
reading,19
reading,24
reading,22
reading,27
reading,22
reading,19
reading,25
reading,24
reading,18
reading,18
reading,25
discussion,21
discussion,20
discussion,18
discussion,16
discussion,17
discussion,20
discussion,18
discussion,12
discussion,17
discussion,16
discussion,11
discussion,14
discussion,15
discussion,20
discussion,11
discussion,20
exercise,21
exercise,22
exercise,14
exercise,16
exercise,22
exercise,14
exercise,22
exercise,14
exercise,19
exercise,24
exercise,18
exercise,16
exercise,21
exercise,13
exercise,18
exercise,19